Workbook

Sheet Raw_Data
A1: Month | B1: Region | C1: Source | D1: Generation_MWh | E1: Consumption_MWh | F1: Peak_Demand_MW | G1: Capacity_Factor_% | H1: Cost_per_MWh | I1: CO2_Tonnes
A2: 46045 | B2: Dubai | C2: Solar | D2: 15000 | E2: 14200 | F2: 820 | G2: 18 | H2: 28 | I2: 300
A3: 46045 | B3: Dubai | C3: Gas | D3: 45000 | E3: 44100 | F3: 820 | G3: 68 | H3: 52 | I3: 22500
A4: 46045 | B4: Abu Dhabi | C4: Solar | D4: 18000 | E4: 17500 | F4: 950 | G4: 20 | H4: 27 | I4: 360
A5: 46045 | B5: Abu Dhabi | C5: Nuclear | D5: 55000 | E5: 54000 | F5: 950 | G5: 92 | H5: 18 | I5: 550
A6: 46045 | B6: Sharjah | C6: Gas | D6: 22000 | E6: 21500 | F6: 580 | G6: 65 | H6: 51 | I6: 11000
A7: 46076 | B7: Dubai | C7: Solar | D7: 14000 | E7: 13500 | F7: 790 | G7: 17 | H7: 28 | I7: 280
A8: 46076 | B8: Dubai | C8: Gas | D8: 43000 | E8: 42000 | F8: 790 | G8: 65 | H8: 52 | I8: 21500
A9: 46076 | B9: Abu Dhabi | C9: Solar | D9: 17000 | E9: 16600 | F9: 920 | G9: 19 | H9: 27 | I9: 340
A10: 46076 | B10: Abu Dhabi | C10: Nuclear | D10: 54000 | E10: 53000 | F10: 920 | G10: 91 | H10: 18 | I10: 540
A11: 46076 | B11: Sharjah | C11: Gas | D11: 21000 | E11: 20500 | F11: 560 | G11: 63 | H11: 51 | I11: 10500
A12: 46104 | B12: Dubai | C12: Solar | D12: 17000 | E12: 16500 | F12: 850 | G12: 21 | H12: 28 | I12: 340
A13: 46104 | B13: Dubai | C13: Gas | D13: 46000 | E13: 45000 | F13: 850 | G13: 69 | H13: 53 | I13: 23000
... A61: 46379 | B61: Sharjah | C61: Gas | D61: 22000 | E61: 21500 | F61: 580 | G61: 64 | H61: 51 | I61: 11000

Sheet Clean_Data
A1: Month | B1: Region | C1: Source | D1: Generation_MWh | E1: Consumption_MWh | F1: Peak_Demand_MW | G1: Capacity_Factor_% | H1: Cost_per_MWh | I1: CO2_Tonnes | J1: Line_Loss_MWh | K1: Line_Loss_%
A2: 46045 | B2: Dubai | C2: Solar | D2: 15000 | E2: 14200 | F2: 820 | G2: 18 | H2: 28 | I2: 300 | J2: =EnergyData[[#This Row],[Generation_MWh]]-EnergyData[[#This Row],[Consumption_MWh]] -> 800 | K2: =EnergyData[[#This Row],[Line_Loss_MWh]]/EnergyData[[#This Row],[Generation_MWh]]*100 -> 5.3333333
A3: 46045 | B3: Dubai | C3: Gas | D3: 45000 | E3: 44100 | F3: 820 | G3: 68 | H3: 52 | I3: 22500 | J3: =EnergyData[[#This Row],[Generation_MWh]]-EnergyData[[#This Row],[Consumption_MWh]] -> 900 | K3: =EnergyData[[#This Row],[Line_Loss_MWh]]/EnergyData[[#This Row],[Generation_MWh]]*100 -> 2
A4: 46045 | B4: Abu Dhabi | C4: Solar | D4: 18000 | E4: 17500 | F4: 950 | G4: 20 | H4: 27 | I4: 360 | J4: =EnergyData[[#This Row],[Generation_MWh]]-EnergyData[[#This Row],[Consumption_MWh]] -> 500 | K4: =EnergyData[[#This Row],[Line_Loss_MWh]]/EnergyData[[#This Row],[Generation_MWh]]*100 -> 2.7777778
A5: 46045 | B5: Abu Dhabi | C5: Nuclear | D5: 55000 | E5: 54000 | F5: 950 | G5: 92 | H5: 18 | I5: 550 | J5: =EnergyData[[#This Row],[Generation_MWh]]-EnergyData[[#This Row],[Consumption_MWh]] -> 1000 | K5: =EnergyData[[#This Row],[Line_Loss_MWh]]/EnergyData[[#This Row],[Generation_MWh]]*100 -> 1.8181818
A6: 46045 | B6: Sharjah | C6: Gas | D6: 22000 | E6: 21500 | F6: 580 | G6: 65 | H6: 51 | I6: 11000 | J6: =EnergyData[[#This Row],[Generation_MWh]]-EnergyData[[#This Row],[Consumption_MWh]] -> 500 | K6: =EnergyData[[#This Row],[Line_Loss_MWh]]/EnergyData[[#This Row],[Generation_MWh]]*100 -> 2.2727273
A7: 46076 | B7: Dubai | C7: Solar | D7: 14000 | E7: 13500 | F7: 790 | G7: 17 | H7: 28 | I7: 280 | J7: =EnergyData[[#This Row],[Generation_MWh]]-EnergyData[[#This Row],[Consumption_MWh]] -> 500 | K7: =EnergyData[[#This Row],[Line_Loss_MWh]]/EnergyData[[#This Row],[Generation_MWh]]*100 -> 3.5714286
A8: 46076 | B8: Dubai | C8: Gas | D8: 43000 | E8: 42000 | F8: 790 | G8: 65 | H8: 52 | I8: 21500 | J8: =EnergyData[[#This Row],[Generation_MWh]]-EnergyData[[#This Row],[Consumption_MWh]] -> 1000 | K8: =EnergyData[[#This Row],[Line_Loss_MWh]]/EnergyData[[#This Row],[Generation_MWh]]*100 -> 2.3255814
A9: 46076 | B9: Abu Dhabi | C9: Solar | D9: 17000 | E9: 16600 | F9: 920 | G9: 19 | H9: 27 | I9: 340 | J9: =EnergyData[[#This Row],[Generation_MWh]]-EnergyData[[#This Row],[Consumption_MWh]] -> 400 | K9: =EnergyData[[#This Row],[Line_Loss_MWh]]/EnergyData[[#This Row],[Generation_MWh]]*100 -> 2.3529412
A10: 46076 | B10: Abu Dhabi | C10: Nuclear | D10: 54000 | E10: 53000 | F10: 920 | G10: 91 | H10: 18 | I10: 540 | J10: =EnergyData[[#This Row],[Generation_MWh]]-EnergyData[[#This Row],[Consumption_MWh]] -> 1000 | K10: =EnergyData[[#This Row],[Line_Loss_MWh]]/EnergyData[[#This Row],[Generation_MWh]]*100 -> 1.8518519
A11: 46076 | B11: Sharjah | C11: Gas | D11: 21000 | E11: 20500 | F11: 560 | G11: 63 | H11: 51 | I11: 10500 | J11: =EnergyData[[#This Row],[Generation_MWh]]-EnergyData[[#This Row],[Consumption_MWh]] -> 500 | K11: =EnergyData[[#This Row],[Line_Loss_MWh]]/EnergyData[[#This Row],[Generation_MWh]]*100 -> 2.3809524
A12: 46104 | B12: Dubai | C12: Solar | D12: 17000 | E12: 16500 | F12: 850 | G12: 21 | H12: 28 | I12: 340 | J12: =EnergyData[[#This Row],[Generation_MWh]]-EnergyData[[#This Row],[Consumption_MWh]] -> 500 | K12: =EnergyData[[#This Row],[Line_Loss_MWh]]/EnergyData[[#This Row],[Generation_MWh]]*100 -> 2.9411765
A13: 46104 | B13: Dubai | C13: Gas | D13: 46000 | E13: 45000 | F13: 850 | G13: 69 | H13: 53 | I13: 23000 | J13: =EnergyData[[#This Row],[Generation_MWh]]-EnergyData[[#This Row],[Consumption_MWh]] -> 1000 | K13: =EnergyData[[#This Row],[Line_Loss_MWh]]/EnergyData[[#This Row],[Generation_MWh]]*100 -> 2.173913
... A61: 46379 | B61: Sharjah | C61: Gas | D61: 22000 | E61: 21500 | F61: 580 | G61: 64 | H61: 51 | I61: 11000 | J61: =EnergyData[[#This Row],[Generation_MWh]]-EnergyData[[#This Row],[Consumption_MWh]] -> 500 | K61: =EnergyData[[#This Row],[Line_Loss_MWh]]/EnergyData[[#This Row],[Generation_MWh]]*100 -> 2.2727273

Sheet Pivot_Table_P1
A1: KPI | B1: Value | D1: Row Labels | E1: Sum of Consumption_MWh | H1: Row Labels | I1: Sum of Generation_MWh | J1: Sum of Consumption_MWh | L1: Row Labels | M1: Max of Peak_Demand_MW
A2: Total Generation (MWh) | B2: =SUM(EnergyData[Generation_MWh]) -> 2114000 | D2: Jan | E2: 151300 | H2: Abu Dhabi | I2: 956000 | J2: 938100 | L2: Jan | M2: 950
A3: Total Consumption (MWh) | B3: =SUM(EnergyData[Consumption_MWh]) -> 2071900 | D3: Feb | E3: 145600 | H3: Dubai | I3: 855000 | J3: 836800 | L3: Feb | M3: 920
A4: Peak Demand (MW) | B4: =MAX(EnergyData[Peak_Demand_MW]) -> 1380 | D4: Mar | E4: 157500 | H4: Sharjah | I4: 303000 | J4: 297000 | L4: Mar | M4: 970
A5: Avg Capacity Factor (%) | B5: =AVERAGE(EnergyData[Capacity_Factor_%]) -> 58.05 | D5: Apr | E5: 167500 | H5: Grand Total | I5: 2114000 | J5: 2071900 | L5: Apr | M5: 1000
A6: Total CO2 (Tonnes) | B6: =SUM(EnergyData[CO2_Tonnes]) -> 473210 | D6: May | E6: 182500 | L6: May | M6: 1100
D7: Jun | E7: 198500 | L7: Jun | M7: 1280
D8: Jul | E8: 207500 | H8: Row Labels | I8: Sum of Generation_MWh | L8: Jul | M8: 1380
D9: Aug | E9: 203500 | H9: Gas | I9: 912000 | L9: Aug | M9: 1350
D10: Sep | E10: 186500 | H10: Nuclear | I10: 683000 | L10: Sep | M10: 1200
D11: Oct | E11: 169500 | H11: Solar | I11: 519000 | L11: Oct | M11: 1050
D12: Nov | E12: 154500 | H12: Grand Total | I12: 2114000 | L12: Nov | M12: 960
D13: Dec | E13: 147500 | L13: Dec | M13: 930
D14: Grand Total | E14: 2071900 | L14: Grand Total | M14: 1380

Sheet Dashboard_P1
A1: UAE Energy Consumption & Demand Dashboard - 2023
B5: Total Generation | E5: Total Consumption | H5: Peak Demand | K5: Avg Capacity Factor | N5: Total CO2
B6: =Pivot_Table_P1!B2 -> 2114000 | E6: =Pivot_Table_P1!B3 -> 2071900 | H6: =Pivot_Table_P1!B4 -> 1380 | K6: =Pivot_Table_P1!B5 -> 58.05 | N6: =Pivot_Table_P1!B6 -> 473210
B7: MWh | E7: MWh | H7: MW | K7: % | N7: Tonnes

Sheet Insights_P1
A1: UAE Energy Consumption & Demand — Key Insights 2023
A3: 1. Total generation was 2,114,000 MWh against consumption of 2,071,900 MWh — indicating an overall line loss of approximately 2% across the UAE grid.
A4: 2. Abu Dhabi was the highest generating region at 956,000 MWh driven by Nuclear and Solar capacity.
A5: 3. Gas remained the dominant energy source at 43% of total generation — however Nuclear contributed a significant 32% through the Barakah plant.
A6: 4. Peak demand reached 1,380 MW in July-August — directly reflecting UAE summer heat and maximum AC usage.
A7: 5. Average capacity factor across all sources was 58.05% — pulled down by Solar's lower capacity factor of 15-25% compared to Nuclear's 90%+.

Sheet Pivot_Table_P2
A1: KPI | B1: Value
A2: Total Generation (MWh) | B2: =SUM(EnergyData[Generation_MWh]) -> 2114000 | D2: Row Labels | E2: Average of Capacity_Factor_% | G2: Row Labels | H2: Sum of Cost_per_MWh
A3: Avg Capacity Factor (%) | B3: =AVERAGE(EnergyData[Capacity_Factor_%]) -> 58.05 | D3: Gas | E3: 72.708333 | G3: Gas | H3: 1290
A4: Total Generation Cost | B4: =SUMPRODUCT(EnergyData[Generation_MWh],EnergyData[Cost_per_MWh]) -> 75420000 | D4: Nuclear | E4: 93.75 | G4: Nuclear | H4: 216
A5: Avg Cost per MWh | B5: =AVERAGE(EnergyData[Cost_per_MWh]) -> 35.75 | D5: Solar | E5: 25.541667 | G5: Solar | H5: 639
A6: Total CO2 (Tonnes) | B6: =SUM(EnergyData[CO2_Tonnes]) -> 473210 | D6: Grand Total | E6: 58.05 | G6: Grand Total | H6: 2145
D8: Row Labels | E8: Sum of Generation_MWh | G8: Row Labels | H8: Sum of CO2_Tonnes
D9: Jan | E9: 155000 | G9: Gas | H9: 456000
D10: Feb | E10: 149000 | G10: Nuclear | H10: 6830
D11: Mar | E11: 161000 | G11: Solar | H11: 10380
D12: Apr | E12: 171000 | G12: Grand Total | H12: 473210
D13: May | E13: 186000
D14: Jun | E14: 202000
D15: Jul | E15: 211000
D16: Aug | E16: 207000
D17: Sep | E17: 190000
D18: Oct | E18: 173000
D19: Nov | E19: 158000
D20: Dec | E20: 151000
D21: Grand Total | E21: 2114000

Sheet Dashboard_P2
A1: UAE Power Plant Cost & Performance Dashboard - 2023
D5: Total Generation | F5: Avg Capacity Factor | H5: Total Generation Cost | J5: Avg Cost per MWh | L5: Total CO2
D6: =Pivot_Table_P2!B2 -> 2114000 | F6: =Pivot_Table_P2!B3 -> 58.05 | H6: =Pivot_Table_P2!B4 -> 75420000 | J6: =Pivot_Table_P2!B5 -> 35.75 | L6: =Pivot_Table_P2!B6 -> 473210
D7: MWh | F7: % | H7: AED | J7: AED/MWh | L7: Tonnes

Sheet Detail1
A1: Details for Sum of Generation_MWh - Region: Abu Dhabi
A3: Month | B3: Region | C3: Source | D3: Generation_MWh | E3: Consumption_MWh | F3: Peak_Demand_MW | G3: Capacity_Factor_% | H3: Cost_per_MWh | I3: CO2_Tonnes | J3: Line_Loss_MWh | K3: Line_Loss_%
A4: 46379 | B4: Abu Dhabi | C4: Nuclear | D4: 54000 | E4: 53000 | F4: 930 | G4: 91 | H4: 18 | I4: 540 | J4: 1000 | K4: 1.8518519
A5: 46379 | B5: Abu Dhabi | C5: Solar | D5: 17000 | E5: 16500 | F5: 930 | G5: 20 | H5: 27 | I5: 340 | J5: 500 | K5: 2.9411765
A6: 46045 | B6: Abu Dhabi | C6: Solar | D6: 18000 | E6: 17500 | F6: 950 | G6: 20 | H6: 27 | I6: 360 | J6: 500 | K6: 2.7777778
A7: 46045 | B7: Abu Dhabi | C7: Nuclear | D7: 55000 | E7: 54000 | F7: 950 | G7: 92 | H7: 18 | I7: 550 | J7: 1000 | K7: 1.8181818
A8: 46349 | B8: Abu Dhabi | C8: Nuclear | D8: 55000 | E8: 54000 | F8: 960 | G8: 92 | H8: 18 | I8: 550 | J8: 1000 | K8: 1.8181818
A9: 46349 | B9: Abu Dhabi | C9: Solar | D9: 18000 | E9: 17500 | F9: 960 | G9: 21 | H9: 27 | I9: 360 | J9: 500 | K9: 2.7777778
A10: 46318 | B10: Abu Dhabi | C10: Nuclear | D10: 57000 | E10: 56000 | F10: 1050 | G10: 94 | H10: 18 | I10: 570 | J10: 1000 | K10: 1.754386
A11: 46076 | B11: Abu Dhabi | C11: Solar | D11: 17000 | E11: 16600 | F11: 920 | G11: 19 | H11: 27 | I11: 340 | J11: 400 | K11: 2.3529412
A12: 46076 | B12: Abu Dhabi | C12: Nuclear | D12: 54000 | E12: 53000 | F12: 920 | G12: 91 | H12: 18 | I12: 540 | J12: 1000 | K12: 1.8518519
A13: 46318 | B13: Abu Dhabi | C13: Solar | D13: 22000 | E13: 21500 | F13: 1050 | G13: 26 | H13: 26 | I13: 440 | J13: 500 | K13: 2.2727273
A14: 46288 | B14: Abu Dhabi | C14: Nuclear | D14: 58000 | E14: 57000 | F14: 1200 | G14: 95 | H14: 18 | I14: 580 | J14: 1000 | K14: 1.7241379
A15: 46288 | B15: Abu Dhabi | C15: Solar | D15: 26000 | E15: 25500 | F15: 1200 | G15: 30 | H15: 26 | I15: 520 | J15: 500 | K15: 1.9230769
... A27: 46165 | B27: Abu Dhabi | C27: Nuclear | D27: 58000 | E27: 57000 | F27: 1100 | G27: 95 | H27: 18 | I27: 580 | J27: 1000 | K27: 1.7241379

Sheet Detail2
A1: Details for Sum of Consumption_MWh - Region: Dubai
A3: Month | B3: Region | C3: Source | D3: Generation_MWh | E3: Consumption_MWh | F3: Peak_Demand_MW | G3: Capacity_Factor_% | H3: Cost_per_MWh | I3: CO2_Tonnes | J3: Line_Loss_MWh | K3: Line_Loss_%
A4: 46045 | B4: Dubai | C4: Solar | D4: 15000 | E4: 14200 | F4: 820 | G4: 18 | H4: 28 | I4: 300 | J4: 800 | K4: 5.3333333
A5: 46045 | B5: Dubai | C5: Gas | D5: 45000 | E5: 44100 | F5: 820 | G5: 68 | H5: 52 | I5: 22500 | J5: 900 | K5: 2
A6: 46379 | B6: Dubai | C6: Gas | D6: 44000 | E6: 43000 | F6: 830 | G6: 67 | H6: 52 | I6: 22000 | J6: 1000 | K6: 2.2727273
A7: 46379 | B7: Dubai | C7: Solar | D7: 14000 | E7: 13500 | F7: 830 | G7: 17 | H7: 28 | I7: 280 | J7: 500 | K7: 3.5714286
A8: 46349 | B8: Dubai | C8: Gas | D8: 46000 | E8: 45000 | F8: 880 | G8: 70 | H8: 53 | I8: 23000 | J8: 1000 | K8: 2.173913
A9: 46076 | B9: Dubai | C9: Solar | D9: 14000 | E9: 13500 | F9: 790 | G9: 17 | H9: 28 | I9: 280 | J9: 500 | K9: 3.5714286
A10: 46076 | B10: Dubai | C10: Gas | D10: 43000 | E10: 42000 | F10: 790 | G10: 65 | H10: 52 | I10: 21500 | J10: 1000 | K10: 2.3255814
A11: 46349 | B11: Dubai | C11: Solar | D11: 16000 | E11: 15500 | F11: 880 | G11: 19 | H11: 28 | I11: 320 | J11: 500 | K11: 3.125
A12: 46318 | B12: Dubai | C12: Gas | D12: 49000 | E12: 48000 | F12: 950 | G12: 73 | H12: 54 | I12: 24500 | J12: 1000 | K12: 2.0408163
A13: 46318 | B13: Dubai | C13: Solar | D13: 20000 | E13: 19500 | F13: 950 | G13: 24 | H13: 27 | I13: 400 | J13: 500 | K13: 2.5
A14: 46104 | B14: Dubai | C14: Solar | D14: 17000 | E14: 16500 | F14: 850 | G14: 21 | H14: 28 | I14: 340 | J14: 500 | K14: 2.9411765
A15: 46104 | B15: Dubai | C15: Gas | D15: 46000 | E15: 45000 | F15: 850 | G15: 69 | H15: 53 | I15: 23000 | J15: 1000 | K15: 2.173913
... A27: 46196 | B27: Dubai | C27: Solar | D27: 27000 | E27: 26500 | F27: 1150 | G27: 32 | H27: 26 | I27: 540 | J27: 500 | K27: 1.8518519

Sheet Insights_P2
A1: UAE Power Plant Cost & Performance — Key Insights 2023
A3: 1. Nuclear energy delivered the highest capacity factor at 93.8% — Barakah plant running consistently as UAE's most reliable baseload source.
A4: 2. Solar had the lowest capacity factor at 25.5% — expected given UAE daylight hours and panel efficiency limitations.
A5: 3. Gas was the most expensive source at the highest cost per MWh — while Nuclear was cheapest per unit due to zero fuel cost after construction.
A6: 4. Total generation cost across all sources was AED 75,420,000 for 2,114,000 MWh generated.
A7: 5. Gas produced 456,000 CO2 Tonnes — 97% of total emissions. Solar and Nuclear combined produced only 17,210 Tonnes — confirming the environmental case for UAE's clean energy transition.
